{"mpython":{"oled12864.h":{"AllObj":["!DFScratch/extensions/DFRobot-oled12864-thirdex/arduinoC/libraries/oled12864/mpython/oled12864.cpp.o","!DFScratch/extensions/DFRobot-oled12864-thirdex/arduinoC/libraries/oled12864/mpython/qrcode.c.o","\\arduino\\hardware\\dfrobot\\mpython\\libraries\\Wire\\mpython\\Wire.cpp.o","\\arduino\\libraries\\DFRobot_SSD1306\\mpython\\DFRobot_SSD1306.cpp.o","\\arduino\\libraries\\DFRobot_SSD1306\\mpython\\DFRobot_SSD1306_I2C.cpp.o","\\arduino\\libraries\\DFRobot_CHfont\\mpython\\DFRobot_CHfont.cpp.o","\\arduino\\libraries\\MPython_Font\\mpython\\MPython_Font.cpp.o"],"AllIncludes":["/arduino/hardware/dfrobot/mpython/cores/esp32","/arduino/hardware/dfrobot/mpython/variants/mpython","!DFScratch/extensions/DFRobot-oled12864-thirdex/arduinoC/libraries/oled12864","/arduino/hardware/dfrobot/mpython/libraries/Wire","/arduino/libraries/DFRobot_SSD1306","/arduino/libraries/DFRobot_ASCIIfont","/arduino/libraries/DFRobot_CHfont","/arduino/libraries/MPython_Font"]}},"microbit":{"oled12864.h":{"AllObj":["!DFScratch/extensions/DFRobot-oled12864-thirdex/arduinoC/libraries/oled12864/microbit/oled12864.cpp.o","!DFScratch/extensions/DFRobot-oled12864-thirdex/arduinoC/libraries/oled12864/microbit/qrcode.c.o","\\arduino\\hardware\\dfrobot\\nRF5\\libraries\\Wire\\microbit\\Wire.cpp.o","\\arduino\\libraries\\DFRobot_SSD1306\\microbit\\DFRobot_SSD1306.cpp.o","\\arduino\\libraries\\DFRobot_SSD1306\\microbit\\DFRobot_SSD1306_I2C.cpp.o","\\arduino\\libraries\\DFRobot_CHfont\\microbit\\DFRobot_CHfont.cpp.o"],"AllIncludes":["/arduino/hardware/dfrobot/nRF5/cores/nRF5","/arduino/hardware/dfrobot/nRF5/variants/BBCmicrobit","!DFScratch/extensions/DFRobot-oled12864-thirdex/arduinoC/libraries/oled12864","/arduino/hardware/dfrobot/nRF5/libraries/Wire","/arduino/libraries/DFRobot_SSD1306","/arduino/libraries/DFRobot_ASCIIfont","/arduino/libraries/DFRobot_CHfont"]}}}